Sample,Ann,Moll,Art,Ech,Misc, Total,Ann g/m2,Moll g/m2,Art g/m2,Ech g/m2,Misc g/m2, Total g/m2,,,,
HS2,0.0078,0.0888,0.0147,0,0.0008,0.1121,0.194166667,2.220833333,0.3675,0,0.02,2.8025,,,,
HN2,0.02,0.16,0.0072,0.156,0.0069,0.3501,0.500833333,4.000833333,0.18,3.899166667,0.1725,8.753333333,,,,
ES21,0.0226,0.0424,0.0166,0.0087,0.0094,0.0997,0.564166667,1.060833333,0.414166667,0.2175,0.235833333,2.4925,,,,NO
GS2,0.0275,0.291,0.0069,0,0.0013,0.3267,0.688333333,7.274166667,0.173333333,0,0.0325,8.168333333,,,,
NDK1,0.0281,0.5562,0.0058,0.0007,0.0104,0.6011,0.701666667,13.90416667,0.145833333,0.016666667,0.259166667,15.0275,,,,
WS1,0.0341,0.0249,0,0,0,0.059,0.851666667,0.6225,0,0,0,1.474166667,,,,
DK-CAN,0.0359,0.0172,0.0906,0.0217,0.0023,0.1678,0.898333333,0.430833333,2.264166667,0.543333333,0.0575,4.194166667,,,,
SIP6,0.0422,0.2523,0.0266,0,0.0125,0.3336,1.054166667,6.3075,0.665833333,0,0.311666667,8.339166667,,,,
GS3,0.0454,0.1993,0.0089,0.0021,0.0065,0.2621,1.135,4.981666667,0.221666667,0.0525,0.161666667,6.5525,,,,
SIP1,0.0475,0.8499,0.1032,0,0.1616,1.1622,1.1875,21.24833333,2.58,0,4.04,29.05583333,,,,
SIP2,0.0508,0.2318,0.0025,0.0001,0.0148,0.2999,1.269166667,5.795,0.061666667,0.001666667,0.370833333,7.498333333,,,,
NDK5,0.0527,0.089,0.0297,0,0.0112,0.1826,1.3175,2.225,0.7425,0,0.28,4.565, ,,,
CC12,0.0543,0.0258,0,0.0185,0.0057,0.1043,1.3575,0.645833333,0,0.461666667,0.141666667,2.606666667,,,,
GS5,0.0546,0.4239,0.1309,0.0045,0.0047,0.6185,1.364166667,10.59666667,3.2725,0.113333333,0.116666667,15.46333333,,,,
ES20,0.0547,0.1084,0.043,0.4944,0.0025,0.7031,1.368333333,2.71,1.074166667,12.36083333,0.063333333,17.57666667,,,,
GS28,0.0575,0.1781,0.0038,0.0007,0.2523,0.4923,1.4375,4.451666667,0.094166667,0.018333333,6.306666667,12.30833333,,,,
NDK7,0.0619,0.3225,0.0904,0.0012,0.0726,0.5486,1.546666667,8.061666667,2.260833333,0.030833333,1.815833333,13.71583333,,,,
CC6,0.0626,0.1986,0,0.0368,0.0059,0.3038,1.564166667,4.965,0,0.919166667,0.146666667,7.595,,,,
GS22,0.0633,0.3323,0.0695,0.0066,0.3235,0.7951,1.581666667,8.306666667,1.738333333,0.165,8.086666667,19.87833333,,,,
SIP4,0.0638,0.2797,0.0167,0.0248,0.58,0.965,1.595833333,6.991666667,0.4175,0.620833333,14.49916667,24.125,,,,
CC-SO1,0.069,0.2462,0.0164,0.0038,0.0719,0.4073,1.725833333,6.155,0.41,0.094166667,1.796666667,10.18166667,,,,
GS9,0.0738,1.9732,0.009,0.005,0.2024,2.2634,1.845,49.33083333,0.225,0.125,5.06,56.58583333,,,,
HS1,0.0784,0.0517,0.0445,0.0022,0.0532,0.23,1.96,1.291666667,1.113333333,0.055833333,1.329166667,5.75,,,,
GS27,0.0784,0.5744,0.0106,0.0174,0.0333,0.7141,1.96,14.35916667,0.264166667,0.435,0.833333333,17.85166667,,,,
DK9,0.079,0.0239,0.0318,0,0.0264,0.1612,1.975833333,0.598333333,0.795,0,0.660833333,4.03,,,,
SIP5,0.0806,0.5356,0.0122,0.0005,0.009,0.6378,2.015,13.39,0.304166667,0.0125,0.224166667,15.94583333,,,,
WS5,0.082,0.358,0.0171,0,0.0095,0.4666,2.05,8.949166667,0.428333333,0,0.236666667,11.66416667,,,,
CC16,0.0833,0.034,0.2297,0.0001,0.0192,0.3662,2.081666667,0.85,5.741666667,0.0025,0.48,9.155833333,,,,
ES22,0.0877,0.0485,0.0258,0,0.0416,0.2036,2.193333333,1.2125,0.644166667,0,1.040833333,5.090833333,,,,
CC14,0.0901,0.1148,1.3509,0,0.0648,1.6206,2.2525,2.869166667,33.77333333,0,1.620833333,40.51583333,,,,
CC13,0.0918,0.038,0,0,0.0033,0.1331,2.295,0.95,0,0,0.083333333,3.328333333,,,,
DK5,0.0944,0.092,0.0371,0,0.0061,0.2296,2.359166667,2.3,0.9275,0,0.153333333,5.74,,,,
WS-CAN,0.096,0.0625,0.188,0.0008,0.0007,0.3481,2.4,1.5625,4.700833333,0.02,0.018333333,8.701666667,,,,
ES-SO2,0.0996,0.294,0.0062,0.0134,0.0622,0.4754,2.49,7.350833333,0.154166667,0.335,1.555833333,11.88583333,,,,
WS7,0.0998,1.1087,0.008,0.036,0.0657,1.3182,2.494166667,27.71833333,0.200833333,0.9,1.641666667,32.955,,,,
NDK6,0.1005,0.7927,0.8158,0.0375,0.121,1.8676,2.511666667,19.8175,20.39583333,0.938333333,3.025833333,46.68916667,,,,
WS2,0.104,0.2129,0.0028,0.0047,0.1535,0.4779,2.6,5.3225,0.070833333,0.118333333,3.836666667,11.94833333,,,,
DK11,0.1132,0.0098,0.0448,0,0.0341,0.202,2.83,0.245833333,1.120833333,0,0.853333333,5.05,,,,
SDK2,0.1174,0.0537,0.015,0.0035,0.0527,0.2424,2.935833333,1.343333333,0.375,0.088333333,1.3175,6.06,,,,
SDK6,0.1224,0.5679,0.0727,0.0042,0.0061,0.7734,3.060833333,14.1975,1.818333333,0.105833333,0.151666667,19.33416667,,,,
NDK2,0.1247,0.0892,0.0182,0.0015,0.0528,0.2865,3.118333333,2.229166667,0.455833333,0.0375,1.320833333,7.161666667,,,,
ES19,0.1254,0.356,0.0123,0.0137,0.017,0.5244,3.134166667,8.9,0.306666667,0.343333333,0.425833333,13.11,,,,
SDK1,0.1306,0.0034,0.0266,0,0.0022,0.1627,3.265833333,0.084166667,0.664166667,0,0.054166667,4.068333333,,,,
NDK3,0.1383,0.1216,0.0688,0,0.0984,0.4271,3.4575,3.04,1.72,0,2.459166667,10.67666667,,,,
CC-NO1,0.16,0.197,0.0006,0.0159,0.0183,0.3917,3.999166667,4.925833333,0.014166667,0.3975,0.456666667,9.793333333,,,,
DK1,0.161,0.0723,0.0459,0,0.0009,0.2801,4.024166667,1.808333333,1.146666667,0,0.023333333,7.0025,,,,
DK13,0.1697,0.2407,0.0282,0.0008,0.0012,0.4406,4.2425,6.016666667,0.705,0.020833333,0.029166667,11.01416667,,,,
SDK5,0.1708,0.0797,0.0134,0,0.001,0.265,4.270833333,1.9925,0.335,0,0.025833333,6.624166667,,,,
CC15,0.1813,0.3512,0.0364,0.001,0.031,0.6009,4.5325,8.780833333,0.909166667,0.025,0.774166667,15.02166667,,,,
ES24,0.19,0.1938,0.0188,0.0002,0,0.4028,4.75,4.844166667,0.470833333,0.004166667,0,10.06916667,,,,
ES26,0.1902,0.4539,0.0445,0.4696,0,1.1581,4.754166667,11.34666667,1.111666667,11.74083333,0,28.95333333,,,,
ES23,0.1934,0.6824,0.0348,0.0013,0.004,0.9159,4.834166667,17.05916667,0.870833333,0.0325,0.1,22.89666667,,,,
GS10,0.1966,0.5004,0.0332,0.0014,0.0058,0.7375,4.915,12.51083333,0.83,0.035833333,0.145,18.43666667,,,,
SDK3,0.1984,0.0607,0.0119,0,0.0076,0.2786,4.96,1.518333333,0.2975,0,0.19,6.965833333,,,,
CC-SO2,0.1996,0.6159,0.0087,0.0126,0.0725,0.9092,4.989166667,15.39666667,0.216666667,0.314166667,1.813333333,22.73,,,,
DK15,0.2068,0.0615,0.1292,0,0.001,0.3985,5.170833333,1.5375,3.229166667,0,0.025833333,9.963333333,,,,
ES25,0.2149,0.3394,0.0406,0.5226,0.0309,1.1484,5.371666667,8.484166667,1.015833333,13.065,0.7725,28.70916667,,,,
WS9,0.2199,0.9541,0.0005,0.0576,1.3019,2.5341,5.498333333,23.85333333,0.0125,1.440833333,32.5475,63.3525,,,,
GS20,0.2308,1.0862,0.147,0,0.0808,1.5448,5.770833333,27.15416667,3.675833333,0,2.019166667,38.62,,,,
WS4,0.2494,0.7812,0.0036,0.0128,0.0125,1.0595,6.235833333,19.53083333,0.089166667,0.320833333,0.311666667,26.48833333,,,,
SIP3,0.2521,0.4596,0.0706,0.0437,0.0864,0.9124,6.303333333,11.49,1.765,1.091666667,2.159166667,22.80916667,,,,
SDK4,0.2544,0.0241,0.1871,0,0.0434,0.5089,6.36,0.601666667,4.676666667,0,1.084166667,12.7225,,,,
DK3,0.2673,0.1407,0.0411,0,0.0013,0.4505,6.683333333,3.518333333,1.0275,0,0.033333333,11.2625,,,,
DK7,0.3195,0.0087,0.0202,0,0,0.3483,7.986666667,0.2175,0.504166667,0,0,8.708333333,,,,
CC-NO2,0.3237,0.086,0.0003,0.0338,0.0257,0.4695,8.0925,2.15,0.008333333,0.844166667,0.6425,11.7375,,,,
ES-SO1,0.3392,0.3092,0.046,0.5005,0.2438,1.4387,8.480833333,7.729166667,1.149166667,12.51166667,6.095833333,35.96666667,,,,
CC17,0.3426,0.2338,0.1139,0.0023,0.0209,0.7136,8.564166667,5.845,2.848333333,0.058333333,0.523333333,17.83916667,,,,
NDK4,0.3565,0.115,0.0349,0,0.0034,0.5097,8.911666667,2.874166667,0.871666667,0,0.085,12.7425,,,,
WS-SO2,0.3587,0.8617,0.0098,0.4918,0.043,1.7651,8.968333333,21.54166667,0.245833333,12.29583333,1.075833333,44.1275,,,,
WS6,0.4304,0,0,0.0312,0.009,0.4706,10.75916667,0,0,0.780833333,0.225,11.765,,,,
CC5,0.4692,0.0792,0.005,0.0726,0.0713,0.6974,11.73083333,1.980833333,0.125833333,1.814166667,1.7825,17.43416667,,,,
WS8,0.5838,0.4778,0.1003,0.1088,0.3756,1.6463,14.595,11.94583333,2.506666667,2.720833333,9.389166667,41.1575,,,,
GS23,0.5896,0.3812,0.003,0.0954,0.0226,1.0919,14.74,9.530833333,0.075833333,2.385833333,0.564166667,27.29666667,,,,
GS25,0.636,0.1469,0.0002,0.6164,0.135,1.5344,15.89916667,3.6725,0.004166667,15.41,3.375,38.36083333,,,,
CC8,0.6954,0.0254,0,0.0264,0.1091,0.8563,17.385,0.635,0,0.66,2.7275,21.4075,,,,
WS3,0.7261,0.5621,0.0213,0.0144,0.069,1.3929,18.1525,14.05166667,0.5325,0.360833333,1.724166667,34.82166667,,,,
CC11,0.8235,0.0008,0,0.0066,0.0585,0.8895,20.58833333,0.020833333,0,0.165833333,1.4625,22.2375,,,,
CC9,0.8253,0.0732,0,0.0126,0.0183,0.9294,20.63166667,1.829166667,0,0.315833333,0.458333333,23.235,,,,
WS-SO1,0.8489,0.5925,0.0104,0.2194,0.5177,2.1889,21.22166667,14.8125,0.26,5.485833333,12.9425,54.7225,,,,
ES18,0.8778,0.0994,0.0083,0.4463,0.0906,1.5224,21.945,2.485833333,0.208333333,11.15666667,2.264166667,38.06,,,,
HN1,0.9209,0.2301,0.0253,0.2688,0.0086,1.4538,23.02333333,5.751666667,0.633333333,6.720833333,0.215833333,36.345,,,,
CC7,1.044,0.0095,0,0,0.0054,1.0589,26.10083333,0.2375,0,0,0.135,26.47333333,,,,
ES-NO2,1.127,0.1215,0.0028,0.0749,0.206,1.5322,28.17416667,3.038333333,0.069166667,1.873333333,5.150833333,38.30583333,,,,
NDK8,1.1291,0.2549,0.0064,1.5717,0.0164,2.9786,28.22833333,6.373333333,0.160833333,39.2925,0.409166667,74.46416667,,,,
CC10,1.2346,0.0285,0,0.0505,0.0087,1.3223,30.865,0.7125,0,1.2625,0.216666667,33.05666667,,,,
ES-NO1,1.5963,0.0129,0.0051,0.2429,0.0197,1.8769,39.90666667,0.321666667,0.128333333,6.0725,0.493333333,46.9225,,,,
WS-NO1,2.1313,0.7904,0.0017,0.2494,0.0096,3.1825,53.2825,19.76,0.0425,6.235833333,0.240833333,79.56166667,,,,
WS-NO2,2.4338,0.2417,0.0004,0.5211,0.1564,3.3535,60.84583333,6.0425,0.010833333,13.0275,3.910833333,83.8375,,,,
BS-1,0.055133333,0.530433333,0.0038,3.33E-05,0.001833333,0.591233333,1.378333333,13.26083333,0.095,0.000833333,0.045833333,14.78083333,,,,
BS-2,0.812066667,0.060833333,0.000933333,0.0976,0.050566667,1.022,20.30166667,1.520833333,0.023333333,2.44,1.264166667,25.55,,,,
BS-3,0.36,0.0939,0.003633333,0.0016,0.0113,0.470433333,9,2.3475,0.090833333,0.04,0.2825,11.76083333,,,,
BS-4,0.320066667,0.096,0.032666667,0.000766667,0.0634,0.5129,8.001666667,2.4,0.816666667,0.019166667,1.585,12.8225,,,,
BS-5,0.359833333,0.038533333,0,0,0,0.398366667,8.995833333,0.963333333,0,0,0,9.959166667,,,,
BS-6,0.583633333,0.225966667,0.001033333,0.006766667,0.508566667,1.325966667,14.59083333,5.649166667,0.025833333,0.169166667,12.71416667,33.14916667,,,,
PSR1,1.378933333,0.564266667,0.003066667,0,0.138666667,2.084933333,34.47333333,14.10666667,0.076666667,0,3.466666667,52.12333333,,,,
PSR2,1.378933333,0.217766667,0.008366667,0.066066667,0.019966667,1.6911,34.47333333,5.444166667,0.209166667,1.651666667,0.499166667,42.2775,,,,
PSR3,2.3639,0.0701,3.33E-05,0.0578,0.004033333,2.495866667,59.0975,1.7525,0.000833333,1.445,0.100833333,62.39666667,,,,
PSR4,0.201633333,0.0807,0.0024,0.164033333,0.197766667,0.646533333,5.040833333,2.0175,0.06,4.100833333,4.944166667,16.16333333,,,,
PSR5,3.882666667,1.2366,0.013033333,0.146633333,0.008066667,5.287,97.06666667,30.915,0.325833333,3.665833333,0.201666667,132.175,,,,
