Device,Station,Deployment Start,Deployment End,Latitude,Longitude,Device Depth,Notes
110873,PRE_02WPH90,9/24/2010 0:00,8/24/2012 23:59,30.38908,-88.6071,,
110875,PR_20Con_2,10/3/2010 0:00,4/12/2012 23:59,30.51561,-88.6019,,
110871,PRE_01EPH90,11/3/2010 0:00,8/24/2012 23:59,30.37828,-88.5641,,
111434,PR_20Con_2,6/7/2012 0:00,6/3/2021 23:59,30.51561,-88.6019,,
114591,PRE_02WPH90,9/20/2012 0:00,3/27/2013 23:59,30.38908,-88.6071,,
114592,PRE_01EPH90,9/20/2012 0:00,11/4/2015 23:59,30.37828,-88.5641,,
110873,PRE_02WPH90,3/28/2013 0:00,7/15/2013 23:59,30.38908,-88.6071,,
114591,PRE_02WPH90,7/15/2013 0:00,10/8/2017 23:59,30.38908,-88.6071,,
110874,PR_Billie.Joe.Johnson,10/23/2015 19:08,10/12/2023 23:59,30.61081,-88.64181,,
110878,PRE_01EPH90,12/15/2015 0:00,NA,30.37828,-88.5641,,missing 1/17/2025
119179,PR_NDL,3/26/2016 4:53,NA,30.65077,-88.63567,,missing 6/21/2022
110873,PR_McCoy,8/9/2016 4:09,,30.65945,-88.65472,,
111179,PR_Cumbest-4rkm,8/11/2017 6:28,NA,30.55857,-88.58312,,missing 9/14/22
106142,PRE_02WPH90,11/13/2017 0:00,4/20/2021 23:59,30.38908,-88.60709,,
119178,PR_English_Turn,1/1/2018 0:00,10/27/2020 23:59,30.6802,-88.6574,,last detection date
110880,PR_Big.Black,2/23/2018 2:07,,30.65364,-88.64928,,
125730,CH_Lower,3/20/2018 12:20,3/24/2019 23:59,30.99002,-88.72251,23,last detection date
132308,LF_Lower,3/20/2018 12:45,6/30/2019 23:59,30.98814,-88.74359,21,last detection date
132311,PR_SS_OG,3/20/2018 14:40,NA,31.35245,-89.30128,,missing 7/2/2018
134605,BO_Mouth,4/1/2019 0:00,,31.34488,-89.28221,,
134606,LF_N_BO,4/1/2019 0:00,NA,31.3503,-89.2811,,missing 09/14/2022
134607,BO_Glendale,4/1/2019 0:00,4/30/2024 16:12,31.3492,-89.306,,BROKEN
134604,PR_Cumbest,6/3/2019 20:51,12/17/2020 21:48,30.58183,-88.57207,,last detection date
132307,BO_R_SS,6/27/2019 15:35,6/16/2020 23:59,31.35167,-89.30342,19.5,
132346,PRE_MSC_Bluff_Creek,9/19/2019 0:00,NA,30.47615,-88.66589,,missing 11/17/23
132348,PRE_MSC_Bayou_Castille,9/19/2019 0:00,6/26/2024 9:24,30.47476,-88.64944,,
135790,PRE_Bluff_Creek_Mouth,6/17/2020 0:00,12/3/2021 12:08,30.45822,-88.6187,,
110870,PR_Cumbest+4rkm,6/19/2020 0:00,NA,30.59009,-88.5862,,missing 3/16/22
135791,PR_PMC,6/29/2020 0:00,,30.63362,-88.65176,,
136361,PRE_Crooked_Bayou,10/6/2020 0:00,5/25/2021 23:59,30.42824,-88.5984,9,
136363,PR_Con_NW,10/6/2020 0:00,,30.5171,-88.60134,12.5,
136365,PR_Con_SE,10/6/2020 0:00,NA,30.51637,-88.60083,10,missing 6/25/2024
136381,PRE_Black_Bird_Key,10/6/2020 0:00,5/25/2021 23:59,30.43054,-88.6113,,
136382,PRE_Esca_R_W_HWY613,10/6/2020 0:00,5/25/2021 16:36,30.41895,-88.521,8,
136383,PRE_Esca_Mouth,10/6/2020 0:00,NA,30.42356,-88.5542,7,missing 03/08/2022
136387,PRE_East_River_S_I10,10/6/2020 0:00,NA,30.4371,-88.5583,10.5,missing 03/08/2022
136389,PRE_Creole_Bayou_N,10/6/2020 5:22,NA,30.49941,-88.5834,15,missing 07/13/2023
136367,PRE_West_Round_1,10/15/2020 0:00,NA,30.30421,-88.6065,8.1,missing ??
136368,PRE_West_Round_2,10/15/2020 0:00,NA,30.3071,-88.6348,12.4,missing ??
136369,PRE_Pascagoula_Bay_E,10/15/2020 0:00,7/27/2021 23:59,30.34742,-88.59355,4.6,
136370,PRE_West_Round_3,10/15/2020 0:00,5/25/2021 23:59,30.31094,-88.66143,12.2,
136371,PRE_Pascagoula_Bay_WC,10/15/2020 0:00,NA,30.33489,-88.639,7.5,missing ??
136372,PRE_Pascagoula_Bay_SW,10/15/2020 0:00,5/25/2021 23:59,30.34049,-88.6684,8.2,
136375,PRE_Singing_River_Isl_NW,10/15/2020 0:00,5/25/2021 17:58,30.33523,-88.5868,3.6,
136377,PRE_Pascagoula_Bay_EC,10/15/2020 0:00,NA,30.33195,-88.6178,5.6,missing ??
136379,PRE_Rabbit_E,10/15/2020 0:00,NA,30.35811,-88.5933,5.1,missing ??
136380,PRE_Pascagoula_Bay_C,10/15/2020 0:00,NA,30.34702,-88.6175,3.6,missing ??
136384,PRE_Pascagoula_Bay_SE,10/15/2020 0:00,NA,30.32708,-88.5927,6.1,missing ??
136374,PRE_Bayou_Chemise_W,11/6/2020 0:00,5/25/2021 23:59,30.39419,-88.6017,10,
136376,PRE_Bayou_Chemise_E,11/6/2020 0:00,5/25/2021 23:59,30.39925,-88.585,10.2,
136378,PRE_Old_Place,11/6/2020 0:00,5/25/2021 23:59,30.3829,-88.6097,11.5,
136385,PRE_Marsh_Lake,11/6/2020 0:00,5/25/2021 23:59,30.3826,-88.5837,4.1,
136362,PRE_Shepard,11/11/2020 0:00,5/25/2021 23:59,30.36179,-88.6268,5.1,
136364,PRE_Twin_Islands_E,11/11/2020 0:00,5/25/2021 23:59,30.36009,-88.605,9.9,
136366,PRE_Krebs_Lake,11/11/2020 0:00,5/25/2021 23:59,30.38382,-88.55936,3.7,
136386,PRE_Bayou_Pierre ,11/11/2020 0:00,5/25/2021 23:59,30.37536,-88.6111,4,
136388,PRE_Pascagoula_Pier,11/11/2020 0:00,5/25/2021 23:59,30.33465,-88.536781,7.2,
136360,PRE_Catch-em-all,11/11/2020 13:03,5/25/2021 9:36,30.39677,-88.5695,5.1,
136124,LF_Hwy29,1/21/2021 0:00,8/26/2021 23:59,31.22138,-89.0529,,
136126,LF_Lower,1/21/2021 0:00,NA,30.98636,-88.7377,,missing ??
136130,PR_Merrill,1/21/2021 0:00,NA,30.97701,-88.7258,,missing ??
136131,LF_Sims,1/21/2021 0:00,NA,31.26069,-89.2265,,missing ??
136141,LF_Hwy15,1/21/2021 0:00,8/26/2021 23:59,31.18276,-88.9201,,
136144,CH_Lower,1/21/2021 0:00,8/30/2024 12:08,30.99262,-88.726,,
137119,BO_N_Upper,2/1/2021 12:00,NA,31.35841,-89.3236,,missing 05/03/2023
136146,BO_Lux,2/1/2021 13:00,8/23/2021 12:12,31.44306,-89.4061,3.5,
136127,CH_Leakesville,2/2/2021 0:00,8/26/2021 23:59,31.15435,-88.54784,6,
136132,LF_I588,2/2/2021 0:00,9/13/2021 11:04,31.6221,-89.32742,6,
136135,BO_ChurchRd,2/2/2021 0:00,2/16/2022 12:56,31.52556,-89.59633,6,
136136,BO_Seminary,2/2/2021 0:00,2/16/2022 23:59,31.56184,-89.5045,2.5,
136138,CH_Stonewall,2/2/2021 0:00,9/14/2021 11:27,32.12998,-88.8117,6,
136142,BO_Lower,2/2/2021 0:00,9/13/2021 23:59,31.37423,-89.3497,3,
136147,LF_Hwy84,2/2/2021 0:00,9/13/2021 9:50,31.70844,-89.40695,6,
136148,LF_I590,2/2/2021 0:00,9/13/2021 12:22,31.55571,-89.316567,6,
136149,CH_Enterprise,2/2/2021 0:00,9/14/2021 11:00,32.17464,-88.81944,6,
136150,BO_I589,2/2/2021 0:00,8/23/2021 23:59,31.47148,-89.52192,2.5,
136152,LF_SmithCo,2/2/2021 0:00,8/20/2021 23:59,31.82819,-89.4074,,
136153,BO_R_Peps_Point,2/2/2021 0:00,9/14/2021 23:59,31.3955,-89.36656,,
136170,BO_Hwy49,2/2/2021 0:00,9/13/2021 23:59,31.42551,-89.415524,,
485639,BO_N_Pit,2/2/2021 14:53,1/11/2023 14:55,31.35237,-89.3075,,
485638,BO_R_SS_N,2/2/2021 16:26,,31.35024,-89.3049,,
136129,LF_Eastabuchie,2/3/2021 0:00,NA,31.43561,-89.29932,,missing ??
136155,PE_S_Haley,2/3/2021 0:00,8/20/2021 23:59,32.02952,-90.24689,,
136158,PE_Bryam,2/3/2021 0:00,8/20/2021 23:59,32.17722,-90.24343,,
136159,PE_Holcomb_Branch,2/3/2021 0:00,8/20/2021 23:59,32.12015,-90.24136,,
136160,PE_Spillway,2/3/2021 0:00,8/20/2021 23:59,32.32571,-90.14644,,
136163,PE_Hopewell,2/3/2021 0:00,8/20/2021 23:59,31.95609,-90.19155,,
136173,PE_Jackson,2/3/2021 0:00,7/11/2023 13:46,32.23698,-90.20944,,
136145,LF_Hardy,2/3/2021 14:17,3/28/2025 0:00,31.32744,-89.2672,,missing 3/28/2025
136159,LF_Hardy,4/11/2025 15:06,,31.32744,-89.2672,,
136133,ST_Mouth,2/4/2021 0:00,8/20/2021 23:59,31.84955,-90.12735,,
136157,ST_Bridgeport,2/4/2021 0:00,8/20/2021 23:59,31.84645,-90.09093,,
136166,PE_Georgetown,2/4/2021 0:00,8/20/2021 23:59,31.86906,-90.13693,,
136156,BC_HWY48,2/9/2021 0:00,8/23/2021 23:59,31.11719,-90.25168,,
136177,PE_Walkiah_Bluff,2/9/2021 0:00,,30.57059,-89.80761,,
136178,BC_Franklinton,2/9/2021 0:00,8/23/2021 23:59,30.84353,-90.16171,6,
136180,BC_HWY38,2/9/2021 0:00,8/23/2021 23:59,30.9224,-90.20458,6,
136183,BC_HWY570,2/9/2021 0:00,8/23/2021 23:59,31.29738,-90.39497,7,
136137,PE_Fridays_Ditch,2/10/2021 0:00,,30.2656,-89.67418,,
136167,BC_W_Walkiah,2/10/2021 0:00,NA,30.56877,-89.82789,6,missing ??
136161,PE_S_Columbia,3/11/2021 0:00,8/20/2021 23:59,31.08775,-89.7836,,
136165,PE_HWY44,3/11/2021 0:00,8/23/2021 23:59,31.36441,-89.95438,,
136168,PE_GP_N,3/11/2021 0:00,8/20/2021 23:59,31.65734,-90.12485,,
136171,PE_Columbia,3/11/2021 0:00,8/20/2021 23:59,31.23824,-89.84654,,
136172,PE_Monticello,3/11/2021 0:00,8/20/2021 23:59,31.55384,-90.08772,,
136181,PE_Oma,3/11/2021 0:00,8/20/2021 23:59,31.71933,-90.1056,,
136164,PE_HWY26,3/12/2021 0:00,7/1/2024 14:24,30.79289,-89.8203,,
136169,PE_PoolsBluff_S,3/12/2021 0:00,7/1/2024 11:27,30.70299,-89.84561,,
136174,PE_Warren_Lake,3/12/2021 0:00,8/23/2021 23:59,30.91234,-89.76366,,
136175,PE_Upper_Sill,3/12/2021 0:00,,30.62575,-89.86669,,
136179,PE_Lower_Sill,3/12/2021 0:00,8/7/2021 23:59,30.62089,-89.86513,,last detection date
136182,PE_PoolsBluff_N,3/12/2021 0:00,,30.70883,-89.84321,,
136162,BC_S_Choctaw,3/22/2021 0:00,9/15/2023 10:40,30.66992,-90.00143,,
136176,BC_HWY437,3/22/2021 0:00,NA,30.72023,-90.08329,,missing ??
136125,CH_Chicora,3/23/2021 0:00,9/14/2021 23:59,31.55416,-88.5524,,
136134,CH_Waynesboro,3/24/2021 0:00,3/1/2023 13:05,31.68227,-88.6832,,
136139,CH_Rhonda,3/26/2021 0:00,9/14/2021 23:59,31.85737,-88.6866,,
136128,CH_DeSoto,3/27/2021 0:00,9/14/2021 12:28,31.97324,-88.7043,,
136143,CH_Quitman,3/28/2021 0:00,,32.0433,-88.7432,,
136154,PE_478,3/31/2021 0:00,8/23/2021 23:59,31.79063,-90.14235,,
136373,PRE_02WPH90,4/20/2021 0:00,,30.38908,-88.60709,,
111434,PR_20Con_2,6/4/2021 0:00,6/23/2021 23:59,30.51561,-88.6019,,
137118,BO_N_Mid,3/21/2021 0:00,,31.35662,-89.3107,,first detection date
136361,PRE_Little_Bear_Bayou,6/16/2021 0:00,10/1/2021 13:58,30.52055,-88.61295,,last detection date
105266,PR_20Con_2,6/23/2021 0:00,11/12/2021 14:00,30.51561,-88.6019,,
136362,PR_SPMC,7/12/2021 0:00,10/1/2021 13:11,30.6305,-88.64825,,
136388,PR_SDL,7/12/2021 12:51,10/1/2021 12:15,30.64864,-88.64485,,
136381,PR_PMC+1rkm,7/12/2021 13:23,10/1/2021 12:29,30.64043,-88.64702,,
136378,PR_Cumbest+1rkm,7/13/2021 0:00,10/1/2021 14:33,30.58924,-88.57671,,
136386,PR_Caswell_Lake,7/13/2021 0:00,10/1/2021 14:06,30.59873,-88.58758,,
136360,PR_Cumbest-1rkm,7/13/2021 9:49,10/1/2021 15:04,30.57858,-88.582,16,
136374,PR_Cumbest_Lower,7/13/2021 10:30,10/1/2021 14:57,30.58259,-88.57699,13,
136364,PR_Cumbest_Upper,7/13/2021 15:35,10/1/2021 14:27,30.58631,-88.57533,25,
136382,PR_Pascagoula_Bluff,7/13/2021 17:26,10/1/2021 13:40,30.59881,-88.6405,,
136385,PR_BJJ+1rkm,7/13/2021 18:05,10/1/2021 13:20,30.62294,-88.64416,16,
121067,BI_DK1,9/9/2021 9:43,11/8/2021 11:10,30.24301,-88.86012,2,
112916,BI_ES21,9/9/2021 9:45,11/8/2021 11:27,30.2429,-88.863,3.8,
120603,BI_SIP3,9/9/2021 11:15,11/8/2021 13:37,30.2164,-89.028,5.6,
120605,BI_SIP5,9/9/2021 11:04,11/8/2021 13:58,30.2213,-89.0513,4.4,
120606,BI_SIP6,9/9/2021 10:59,11/8/2021 14:05,30.224,-89.0648,3.2,
112908,BI_WS4,9/9/2021 10:41,11/8/2021 14:26,30.2082,-88.9875,4.9,
137599,BI_CC_NO2,9/27/2021 10:56,12/13/2021 13:01,30.2502,-88.9242,5,
124185,BI_ES_NO1,9/27/2021 10:40,2/7/2022 23:59,30.2608,-88.8873,5.6,
112913,BI_NDK3,9/27/2021 14:49,3/17/2022 11:11,30.2539,-88.8081,3,
119177,BI_SIP1,9/9/2021 11:26,7/8/2022 13:25,30.2126,-89.0024,5.8,
121057,BI_HS1,9/27/2021 16:55,7/8/2022 13:34,30.2329,-88.76,6.5,
124193,BI_DK15,9/9/2021 8:32,7/8/2022 14:37,30.2364,-88.7796,3.8,
112910,BI_HS2,9/27/2021 17:05,7/8/2022 15:20,30.236,-88.7301,5.7,
112911,BI_NDK5,9/27/2021 16:44,7/8/2022 16:04,30.2543,-88.7839,2.5,
114201,BI_NDK8,9/27/2021 16:37,7/8/2022 16:12,30.2544,-88.7715,6.8,
121065,BI_DK13,9/9/2021 8:41,7/8/2022 16:27,30.2452,-88.7906,4.3,
121068,BI_NDK4,9/27/2021 14:45,7/8/2022 16:35,30.2539,-88.7958,2.4,
110876,BI_HN1,9/27/2021 16:33,7/8/2022 16:54,30.2535,-88.7611,5.8,
120611,BI_NDK3,3/17/2022 11:15,7/12/2022 10:45,30.2539,-88.8081,3,
124188,BI_DK11,9/9/2021 8:50,7/12/2022 10:50,30.243935,-88.80098,3.4,
112907,BI_SDK4,9/27/2021 12:43,7/12/2022 10:58,30.2388,-88.7971,4.3,
133455,BI_SDK3,9/27/2021 12:51,7/12/2022 11:04,30.2409,-88.8202,3.1,
121060,BI_DK9,9/9/2021 9:06,7/12/2022 11:08,30.2467,-88.8137,3.2,
111438,BI_NDK7,9/27/2021 14:52,7/12/2022 11:13,30.2562,-88.8203,3.7,
121064,BI_DK7,9/9/2021 9:17,7/12/2022 11:16,30.24723,-88.82573,3.1,
115342,BI_SDK5,9/27/2021 12:56,7/12/2022 11:24,30.241,-88.8315,3.2,
121056,BI_DK5,9/9/2021 9:21,7/12/2022 11:28,30.2494,-88.8368,3.6,
112909,BI_NDK2,9/27/2021 14:58,7/12/2022 11:32,30.2561,-88.8323,6,
110884,BI_NDK6,9/27/2021 15:02,7/12/2022 11:36,30.2575,-88.8439,6.1,
121063,BI_SDK2,9/27/2021 13:00,7/12/2022 11:43,30.2428,-88.843,4.4,
124186,BI_DK3,9/9/2021 9:30,7/12/2022 11:48,30.24551,-88.84633,2.2,
121067,BI_NDK1,12/13/2021 11:55,7/12/2022 11:52,30.2559,-88.8561,5.4,
485275,BI_DK1,11/8/2021 11:21,7/12/2022 11:58,30.2485,-88.8607,2,
121059,BI_SDK1,9/27/2021 13:05,7/12/2022 12:03,30.2409,-88.854,2.6,
487506,BI_ES21,11/8/2021 11:31,7/12/2022 12:08,30.2429,-88.863,3.8,
102350,CamilleCut,9/9/2021 12:02,2/7/2022 11:52,30.2295,-88.9251,5,observed missing 12/2/2021 and found on Ship 2/7/2022
124187,BI_ES20,9/9/2021 9:51,7/12/2022 12:11,30.243,-88.8689,3.9,
112912,BI_ES24,9/9/2021 9:55,7/12/2022 12:15,30.239,-88.8747,4.2,
112914,BI_ES25,9/9/2021 9:58,7/12/2022 12:20,30.2344,-88.8819,4.4,
112905,BI_ES26,9/9/2021 10:01,7/12/2022 12:23,30.228,-88.8872,5.1,
102343,BI_CC17,9/9/2021 10:05,7/12/2022 12:30,30.2215,-88.9023,4.9,
102350,BI_CC16,2/23/2022 11:25,7/12/2022 12:34,30.2174,-88.9115,3.1,
137607,BI_CC15,9/9/2021 10:12,7/12/2022 12:37,30.2145,-88.9204,3.9,
137600,BI_CC_SO1,9/27/2021 8:40,7/12/2022 12:42,30.2037,-88.9203,5.9,
137606,BI_CC14,9/9/2021 10:16,7/12/2022 12:49,30.2128,-88.9297,3.8,
136875,MSS_CHNL_GP_LT_33,9/21/2021 0:00,1/29/2025 0:00,30.24754,-89.00331,,first detection date
137143,MSS_PWON,9/24/2021 9:18,NA,30.34594,-88.64716,6.2,missing 1/29/2025
137124,MSS_PWOW,9/24/2021 9:29,,30.3441,-88.64921,6.5,
485640,MSS_PWOC,9/24/2021 9:35,NA,30.34423,-88.64699,6.4,missing 01/29/2025
137125,MSS_PWOE,9/24/2021 9:40,NA,30.3442,-88.64493,6.3,missing 1/29/2025
137147,MSS_PWOS,9/24/2021 9:45,NA,30.34248,-88.64703,6.6,missing 10/7/22
137146,MSS_PWLW,9/24/2021 10:05,3/26/2024 10:39,30.33628,-88.66595,8,
485644,MSS_PWLC,9/24/2021 10:18,3/26/2024 10:25,30.33627,-88.66397,7.9,
137138,MSS_PWLN,9/24/2021 10:25,3/26/2024 10:13,30.33808,-88.66404,7.7,
137135,MSS_PWLS,9/24/2021 10:35,3/26/2024 10:33,30.33457,-88.6639,8,
137126,MSS_PWLE,9/24/2021 10:46,3/26/2024 10:47,30.33627,-88.66182,7.6,
137132,MSS_PELW,9/24/2021 11:01,NA,30.33243,-88.652,7.6,missing 6/6/24
485647,MSS_PELC,9/24/2021 11:09,NA,30.3318,-88.65015,7.5,missing 8/17/23
137142,MSS_PELN,9/24/2021 11:14,6/6/2024 9:13,30.33343,-88.64938,7.4,
137162,MSS_PEOW,9/24/2021 11:23,3/6/2024 15:28,30.33287,-88.63614,6.7,
137134,MSS_PEOC,9/24/2021 11:30,NA,30.3329,-88.63409,6.6,missing 12/11/22
137128,MSS_PEON,9/24/2021 11:35,NA,30.33462,-88.63416,6.6,missing 3/6/2024
137154,MSS_PERW,9/24/2021 12:02,,30.33637,-88.59023,5.3,
137156,MSS_PERC,9/24/2021 12:16,,30.33623,-88.58813,1.6,
137145,MSS_PERN,9/24/2021 12:26,,30.33797,-88.58823,5.1,
137155,MSS_PWRS,9/24/2021 12:44,,30.34611,-88.59366,5.1,
485643,MSS_PWRC,9/24/2021 12:55,8/5/2025 11:32,30.34776,-88.59362,1.6,
485643,MSS_PWRC,8/8/2025 9:10,,30.34776,-88.59362,1.6,
137163,MSS_PWRW,9/24/2021 13:10,NA,30.34777,-88.59569,1.6,missing 1/29/2025
137161,MSS_PWRN,9/24/2021 13:25,,30.3495,-88.5936,1.6,
137152,MSS_PWRE,9/24/2021 13:42,,30.34777,-88.59152,2.4,
124190,BI_WS9,9/9/2021 10:23,7/12/2022 12:55,30.2072,-88.947,5.3,
124191,BI_WS8,9/9/2021 10:28,7/12/2022 12:59,30.2039,-88.9584,6.2,
133453,BI_WS_SO1,9/27/2021 8:52,7/12/2022 13:04,30.1934,-88.9576,6.6,
112908,BI_WS7,12/13/2021 12:23,7/12/2022 13:11,30.2034,-88.97,6.4,
112903,BI_WS3,9/9/2021 10:37,7/12/2022 13:17,30.205,-88.9817,5.2,
121053,BI_WS2,9/9/2021 11:31,7/12/2022 13:32,30.22217,-88.98435,7.4,
121061,BI_WS1,9/9/2021 11:34,7/12/2022 13:35,30.2162,-88.9852,8.1,
112901,BI_ES19,9/9/2021 12:41,7/13/2022 11:13,30.2526,-88.8651,4.8,
112906,BI_ES18,9/9/2021 12:37,7/13/2022 11:17,30.2522,-88.8729,5,
112902,BI_ES23,9/9/2021 12:33,7/13/2022 11:24,30.25079,-88.88783,2.1,
124192,BI_ES22,9/9/2021 12:29,7/13/2022 11:29,30.24673,-88.89388,1.9,
137605,BI_CC13,9/9/2021 12:25,7/13/2022 11:34,30.2372,-88.9002,5,
105264,BI_CC8,9/9/2021 12:21,7/13/2022 11:37,30.2347,-88.907,5,
137604,BI_CC12,9/9/2021 12:17,7/13/2022 11:41,30.2285,-88.909,5,
137599,BI_CC7,12/13/2021 13:23,7/13/2022 11:45,30.232,-88.9163,5,
137603,BI_CC11,9/9/2021 12:07,7/13/2022 11:49,30.2258,-88.9188,5,
112916,BI_CC6,12/13/2021 12:55,7/13/2022 11:52,30.2295,-88.9251,,Redeployed with receiver 112916
137602,BI_CC10,9/9/2021 11:58,7/13/2022 11:57,30.2238,-88.9278,5,
137601,BI_CC5,9/9/2021 11:53,7/13/2022 12:01,30.2269,-88.9345,5,
105267,BI_CC9,9/9/2021 11:49,7/13/2022 12:05,30.2216,-88.936,5,
124194,BI_WS6,9/9/2021 11:45,7/13/2022 12:11,30.2208,-88.9491,4.3,
112918,BI_WS5,9/9/2021 11:40,7/13/2022 12:17,30.2185,-88.9622,7,
119180,BI_SIP2,9/9/2021 11:20,7/13/2022 12:32,30.2141,-89.015,5.9,
133461,BI_SIP3,11/8/2021 13:43,7/13/2022 12:38,30.2164,-89.028,5.6,
110871,BI_SIP4,9/9/2021 11:10,7/13/2022 12:44,30.2177,-89.0402,5,
133458,BI_SIP5,11/8/2021 14:01,7/13/2022 12:50,30.2213,-89.0513,4.4,
133456,BI_SIP6,11/8/2021 14:08,7/13/2022 12:55,30.224,-89.0648,3.2,
133451,BI_WS_NO2,9/27/2021 11:16,7/21/2022 23:59,30.2388,-88.9615,5.6,
133459,BI_SIP1,12/13/2021 12:39,7/21/2022 23:59,30.2126,-89.0024,5.8,
121069,BI_HN2,9/27/2021 16:25,8/28/2022 15:48,30.256,-88.7302,4.5,
137123,MSS_BNRW,9/28/2021 9:07,,30.3021,-89.32294,,
485645,MSS_BNRC,9/28/2021 9:12,11/7/2023 16:21,30.30207,-89.32082,,
137151,MSS_BNRS,9/28/2021 9:17,,30.3003,-89.32094,,
137129,MSS_BNRN,9/28/2021 9:22,,30.30386,-89.32085,,
137133,MSS_BNRE,9/28/2021 9:25,,30.3021,-89.31873,,
137158,MSS_BNOW,9/28/2021 9:35,6/15/2022 9:53,30.29392,-89.29718,,
137136,MSS_BNOS,9/28/2021 9:41,NA,30.29219,-89.2952,,missing 11/7/2023
485641,MSS_BNOC,9/28/2021 9:48,NA,30.29395,-89.29521,,missing 06/02/2022
137140,MSS_BNOE,9/28/2021 9:51,,30.29398,-89.29298,,
137153,MSS_BNON,9/28/2021 9:58,6/2/2022 14:44,30.29573,-89.29514,,
137159,MSS_BNLE,9/28/2021 10:07,3/26/2024 11:16,30.30299,-89.29888,,
137122,MSS_BNLN,9/28/2021 10:12,NA,30.30469,-89.30096,,missing 9/20/23
485642,MSS_BNLC,9/28/2021 10:17,NA,30.303,-89.301,,missing 06/02/2022
137127,MSS_BNLW,9/28/2021 10:26,NA,30.30301,-89.30318,8.9,missing 12/12/2022
137121,MSS_BNLS,9/28/2021 10:36,NA,30.30115,-89.30106,,missing 09/21/2023
136360,PRE_Catch-em-all,10/8/2021 0:00,NA,30.39677,-88.5695,5.1,
136361,PRE_Crooked_Bayou,10/8/2021 0:00,8/16/2022 14:47,30.42824,-88.5984,9,
136362,PRE_Shepard,10/8/2021 0:00,,30.36182,-88.62678,4.3,
136364,PRE_Twin_Islands_E,10/8/2021 0:00,,30.36009,-88.605,9.9,
136366,PRE_Krebs_Lake,10/8/2021 0:00,,30.38382,-88.55936,3.7,
136370,PRE_Graveline_Reef,10/8/2021 0:00,,30.35007,-88.67203,5.6,
136374,PRE_Bayou_Chemise_W,10/8/2021 0:00,NA,30.39419,-88.6017,10,missing 3/12/24
136376,PRE_Bayou_Chemise_E,10/8/2021 0:00,,30.39941,-88.5903,9.4,
136381,PRE_Black_Bird_Key,10/8/2021 0:00,8/6/2024 14:16,30.43098,-88.61118,10.2,broken
136382,PRE_Esca_R_W_HWY613,10/8/2021 0:00,NA,30.41873,-88.5211,14,missing 06/20/2022
136385,PRE_Marsh_Lake,10/8/2021 0:00,1/17/2025 8:55,30.38207,-88.5845,5.8,"broken, boat strike"
136386,PRE_Bayou_Pierre ,10/8/2021 0:00,,30.37536,-88.6111,4,
136388,PRE_Pascagoula_Pier,10/8/2021 0:00,,30.33467,-88.5368,8.4,
136876,MSS_CHNL_GP_LT_31,10/10/2021 0:00,1/29/2025 0:00,30.23923,-89.00153,,first detection date
485646,MSS_BSLC,10/21/2021 10:30,NA,30.25958,-89.30647,10.8,missing 09/13/2022
137137,MSS_BSLN,10/21/2021 10:46,,30.26135,-89.30644,9.5,
137157,MSS_BSLW,10/21/2021 11:04,,30.25959,-89.30855,10.5,
137149,MSS_BSRC,10/21/2021 12:25,,30.27907,-89.29089,,
137131,MSS_BSRN,10/21/2021 14:05,6/2/2022 13:36,30.28081,-89.29092,16.7,
137148,MSS_BSRW,10/21/2021 14:15,,30.27905,-89.29303,14.4,
136378,PRE_W90BRIDGE_W,10/22/2021 10:37,7/14/2025 14:15,30.38273,-88.6086,27.5,
120614,PRE_W90BRIDGE_E,10/22/2021 11:00,8/8/2024 13:04,30.3824,-88.60716,,
120622,MSS_CAUSEWAY_1,10/22/2021 11:53,,30.35044,-88.58772,3,
136375,MSS_CAUSEWAY_2,10/22/2021 12:20,,30.34401,-88.58717,6.3,
136372,MSS_CAUSEWAY_S,10/22/2021 12:57,,30.34085,-88.58502,6.7,
136369,MSS_CAUSEWAY_N,10/22/2021 13:40,4/17/2023 8:55,30.35601,-88.58751,5.1,
120623,PRE_E90BRIDGE_W,10/22/2021 15:00,,30.37224,-88.56162,16.3,
120624,PRE_E90BRIDGE_E,10/22/2021 15:25,,30.37132,-88.56162,15,
137130,PRE_NOAATRAIN_E,10/22/2021 16:39,,30.36847,-88.56361,23.6,
137141,MSS_BSON,10/26/2021 15:10,,30.26308,-89.29524,5.5,
137120,MSS_BSOC,10/26/2021 15:21,,30.26126,-89.29527,7.7,
137144,MSS_BSOW,10/26/2021 15:33,,30.26127,-89.29741,8.4,
121065,BI_DK13,8/30/2022 9:00,10/13/2022 12:09,30.2452,-88.7906,4.3,
137607,BI_CC15,10/4/2022 10:13,10/13/2022 13:55,30.2145,-88.9204,3.9,
120609,BI_WS4,10/4/2022 11:02,10/13/2022 14:10,30.2082,-88.9875,4.9,
137603,BI_CC11,10/4/2022 13:05,10/13/2022 14:51,30.2258,-88.9188,5,
133461,BI_SIP3,10/4/2022 11:17,1/27/2023 12:59,30.2164,-89.028,5.6,
137600,BI_CC_SO1,10/4/2022 10:25,1/27/2023 23:59,30.2037,-88.9203,5.9,
114201,BI_NDK8,10/4/2022 14:18,5/30/2023 7:27,30.2544,-88.7715,6.8,
137706,PR_20Con_2,11/12/2021 14:05,NA,30.51561,-88.6019,,missing 7/13/2023
120612,MSS_Amlegion_reef,11/16/2021 9:24,,30.29832,-89.32906,7,
120618,MSS_BSLtrain_reef,11/16/2021 9:36,NA,30.31169,-89.30074,8.7,missing 08/29/2022
120604,MSS_Mellini_pt_reef,11/16/2021 10:48,9/19/2023 12:00,30.33602,-89.28661,,
112910,BI_HS2,10/4/2022 8:21,5/30/2023 7:56,30.236,-88.7301,5.7,
135790,PRE_Bluff_Creek_Mouth,12/3/2021 12:13,NA,30.45899,-88.61843,,missing 11/17/23
121057,BI_HS1,10/4/2022 8:31,5/30/2023 8:11,30.2329,-88.76,6.5,
124193,BI_DK15,10/4/2022 8:36,5/30/2023 8:24,30.2364,-88.7796,3.8,
112907,BI_SDK4,10/4/2022 8:44,5/30/2023 8:46,30.2388,-88.7971,4.3,
133455,BI_SDK3,10/4/2022 9:01,5/30/2023 9:15,30.2409,-88.8202,3.1,
137139,PRE_NOAATRAIN_W,12/16/2021 0:00,NA,30.36895,-88.56399,20,missing 01/27/2023
137150,PRE_WTRAIN_E,12/16/2021 0:00,,30.37686,-88.60715,21,
137160,PRE_WTRAIN_W,12/16/2021 0:00,,30.37729,-88.60934,23,
115342,BI_SDK5,10/4/2022 9:10,5/30/2023 9:27,30.241,-88.8315,3.2,
112001,BO_Kola,2/16/2022 11:04,,31.62581,-89.52937,3,
111429,LF_Hwy18,2/16/2022 11:45,8/18/2022 14:52,32.01273,-89.43278,3,
136136,BO_Seminary,2/16/2022 12:04,,31.56178,-89.50444,3,
136150,BO_I589,2/16/2022 13:46,,31.47144,-89.52189,3,
136146,BO_Lux,2/16/2022 14:37,5/8/2024 18:50,31.44308,-89.40607,3,
136140,BO_Hwy49,2/16/2022 15:24,,31.42555,-89.41574,6,
136153,BO_R_Peps_Point,2/16/2022 16:09,NA,31.39558,-89.36664,3,missing 08/30/2022
136314,CH_Okatibbee,2/16/2022 16:50,,32.18487,-88.81988,,
136149,CH_Enterprise,2/16/2022 17:07,8/18/2022 23:59,32.1747,-88.81947,,
136138,CH_Stonewall,2/16/2022 17:28,8/18/2022 12:18,32.13063,-88.81161,,
136148,LF_I590,2/18/2022 15:25,8/18/2022 14:47,31.55617,-89.31686,,
111527,LF_I588,2/18/2022 16:45,NA,31.62361,-89.32708,,missing 08/18/2022
136147,LF_Hwy84,2/19/2022 9:02,,31.70845,-89.40696,,
111210,CH_Chunk80,2/19/2022 13:57,8/18/2022 11:20,32.32664,-88.90963,4,
136132,CH_Chunk59,2/19/2022 16:09,,32.22686,-88.83235,,
121059,BI_SDK1,10/4/2022 9:28,5/30/2023 9:53,30.2409,-88.854,2.6,
111989,PE_Ross_Barnett,3/1/2022 13:44,7/15/2022 12:24,32.38857,-90.0745,,
136160,PE_Spillway,3/1/2022 16:16,7/15/2022 14:14,32.32571,-90.14644,,
136158,PE_Bryam,3/3/2022 12:42,7/15/2022 23:59,32.17714,-90.24337,,
136157,ST_Bridgeport,3/3/2022 16:28,7/15/2022 17:56,31.8495,-90.12732,,
136133,ST_Mouth,3/3/2022 16:42,7/15/2022 17:19,31.84984,-90.13557,,
136166,PE_Georgetown,3/3/2022 17:00,7/15/2022 23:59,31.8692,-90.13691,,
136163,PE_Hopewell,3/4/2022 0:00,7/12/2023 11:05,31.95601,-90.19132,,
136159,PE_Holcomb_Branch,3/4/2022 11:15,7/12/2023 9:45,32.12015,-90.2414,,
136155,PE_S_Haley,3/4/2022 12:00,7/12/2023 10:27,32.02931,-90.24657,,
136183,BC_HWY570,3/9/2022 11:02,8/30/2023 11:13,31.29738,-90.39497,7,
136156,BC_HWY48,3/9/2022 12:30,NA,31.11719,-90.25168,,missing 11/19/2024
136180,BC_HWY38,3/9/2022 13:30,NA,30.9224,-90.20458,6,missing 10/10/22
136178,BC_Franklinton,3/9/2022 15:07,8/30/2023 9:11,30.84026,-90.16162,,
120607,PRE_Graveline_Mouth,3/10/2022 13:21,,30.36288,-88.66531,,
120613,PRE_Bear_Bayou,3/10/2022 16:03,11/24/2022 23:59,30.50472,-88.56425,,last detection date
120603,PRE_East_River_S_I10,3/10/2022 16:28,4/29/2025 16:24,30.43713,-88.5583,10.5,
136169,PRE_East_River_S_I10,4/29/2025 16:39,,30.43713,-88.5583,10.5,
137705,PRE_Esca_Mouth,3/10/2022 16:40,11/17/2023 9:09,30.4238,-88.55439,7,
137704,PR_Cumbest,3/16/2022 9:52,,30.58183,-88.57207,,
487506,BI_ES21,10/4/2022 9:33,5/30/2023 10:04,30.2429,-88.863,3.8,
136142,BO_Lower,4/28/2022 0:00,5/3/2022 23:59,31.37423,-89.3497,3,
105266,BO_PF_01,5/9/2022 10:33,,31.34549,-89.29329,,
111434,BO_PF_03,5/9/2022 11:05,,31.351621,-89.296279,,
136151,BO_PF_04,5/9/2022 11:59,,31.34919,-89.30236,,
133457,BO_PF_02,5/9/2022 12:32,,31.34951,-89.29532,,
137131,MSS_BSRN,6/2/2022 14:12,,30.28077,-89.29084,16.7,
138230,BO_PF005,6/7/2022 15:52,NA,31.356234,-89.318639,,missing 01/11/2023
487935,MSS_BNLC,6/15/2022 9:38,3/26/2024 11:26,30.303,-89.301,,
137153,MSS_BNON,6/15/2022 9:47,NA,30.29573,-89.29514,,missing 11/7/2023
138063,MSS_BNOW,6/15/2022 9:53,9/13/2022 9:52,30.29392,-89.29718,,
487933,MSS_BNOC,6/15/2022 9:58,NA,30.29395,-89.29521,,missing 11/7/2023
136361,PRE_Crooked_Bayou,8/23/2022 8:56,,30.42824,-88.5984,9,
124187,BI_ES20,10/4/2022 9:36,5/30/2023 10:15,30.243,-88.8689,3.9,
112902,BI_ES23,10/4/2022 13:28,5/30/2023 10:24,30.25079,-88.88783,2.1,
112912,BI_ES24,10/4/2022 9:40,5/30/2023 10:30,30.239,-88.8747,4.2,
112914,BI_ES25,10/4/2022 9:44,5/30/2023 10:43,30.2344,-88.8819,4.4,
112905,BI_ES26,10/4/2022 9:47,5/30/2023 10:52,30.228,-88.8872,5.1,
133451,BI_ES_SO1,10/4/2022 9:55,5/30/2023 11:03,30.2173,-88.8874,7.6,
102343,BI_CC17,10/4/2022 10:04,5/30/2023 11:19,30.2215,-88.9023,4.9,
136328,PE_Stennis,9/21/2022 11:45,,30.37675,-89.66404,4,
120617,MSS_BSLtrain_reef,9/22/2022 9:20,,30.31169,-89.30074,,
138063,MSS_BNOW,9/22/2022 9:55,6/25/2025 0:00,30.29392,-89.29718,,"missing 3/12/2024, 1/16/2025, 6/25/2025"
136142,BO_Lower,9/26/2022 17:40,,31.37423,-89.3497,3,
111210,CH_Chunk80,9/27/2022 10:41,8/30/2023 14:22,32.32664,-88.90963,4,
136138,CH_Stonewall,9/27/2022 12:40,8/30/2023 15:38,32.13063,-88.81161,,
136149,CH_Enterprise,9/27/2022 13:48,8/30/2023 23:59,32.175186,-88.819818,,
102350,BI_CC16,10/4/2022 10:07,5/30/2023 11:29,30.2174,-88.9115,3.1,
488896,BI_CC15,10/13/2022 13:56,5/30/2023 11:37,30.2145,-88.9204,3.9,
112913,BI_CC_SO1,1/27/2023 12:24,5/30/2023 11:46,30.2037,-88.9203,5.9,
137606,BI_CC14,10/4/2022 10:31,5/30/2023 11:56,30.2128,-88.9297,3.8,
124190,BI_WS9,10/4/2022 10:37,5/30/2023 12:09,30.2072,-88.947,5.3,
124191,BI_WS8,10/4/2022 10:42,5/30/2023 12:19,30.2039,-88.9584,6.2,
133453,BI_WS_SO1,10/4/2022 10:47,5/30/2023 12:28,30.1934,-88.9576,6.6,
112908,BI_WS7,10/4/2022 10:52,5/30/2023 12:36,30.2034,-88.97,6.4,
124185,BI_WS3,10/4/2022 10:58,5/30/2023 12:48,30.205,-88.9817,5.2,
488899,BI_WS4,10/13/2022 14:12,5/30/2023 12:57,30.2082,-88.9875,4.9,
137602,BI_CC10,10/4/2022 12:56,5/30/2023 13:08,30.2238,-88.9278,5,
119180,BI_SIP2,10/4/2022 11:11,5/30/2023 13:16,30.2141,-89.015,5.9,
110871,BI_SIP4,10/4/2022 11:21,5/30/2023 13:29,30.2177,-89.0402,5,
133456,BI_SIP6,10/4/2022 11:32,5/30/2023 13:42,30.224,-89.0648,3.2,
120606,BI_WS2,1/27/2023 14:14,5/30/2023 14:18,30.2159,-88.9914,7.4,
137607,BI_WS1,1/27/2023 13:20,5/30/2023 14:26,30.2162,-88.9852,8.1,
112918,BI_WS5,10/4/2022 12:40,5/30/2023 14:41,30.2185,-88.9622,7,
124194,BI_WS6,10/4/2022 12:44,5/30/2023 14:49,30.2208,-88.9491,4.3,
105267,BI_CC9,10/4/2022 12:48,5/30/2023 14:58,30.2216,-88.936,5,
137601,BI_CC5,10/4/2022 12:52,5/30/2023 15:07,30.2269,-88.9345,5,
112916,BI_CC6,10/4/2022 13:01,5/30/2023 15:30,30.2295,-88.9251,5,
137604,BI_CC12,10/4/2022 13:12,5/30/2023 15:42,30.2285,-88.909,5,
105264,BI_CC8,10/4/2022 13:16,5/30/2023 15:58,30.2347,-88.907,5,
137605,BI_CC13,10/4/2022 13:20,5/30/2023 16:01,30.2372,-88.9002,5,
112906,BI_ES18,10/4/2022 13:34,5/30/2023 16:24,30.2522,-88.8729,5,
112901,BI_ES19,10/4/2022 13:38,5/30/2023 16:31,30.2526,-88.8651,4.8,
121067,BI_NDK1,10/4/2022 13:43,5/30/2023 16:39,30.2559,-88.8561,5.4,
112917,BI_NDK1,9/27/2021 15:07,5/30/2023 16:41,30.2559,-88.8561,5.4,
110884,BI_NDK6,10/4/2022 13:48,5/30/2023 16:51,30.2575,-88.8439,6.1,
121065,BI_NDK2,1/27/2023 11:23,5/30/2023 17:00,30.2561,-88.8323,6,
111438,BI_NDK7,10/4/2022 14:00,5/30/2023 17:10,30.2562,-88.8203,3.7,
110876,BI_HN1,10/4/2022 14:25,5/30/2023 17:31,30.2535,-88.7611,5.8,
121069,BI_HN2,10/4/2022 14:34,5/30/2023 17:43,30.256,-88.7302,4.5,
124192,BI_ES22,10/4/2022 13:24,6/7/2023 13:47,30.24673,-88.89388,1.9,
112911,BI_NDK5,10/4/2022 14:16,6/7/2023 15:40,30.2543,-88.7839,2.5,
121068,BI_NDK4,10/4/2022 14:10,6/7/2023 15:49,30.2539,-88.7958,2.4,
120611,BI_NDK3,10/4/2022 14:04,6/7/2023 15:56,30.2539,-88.8081,3,
121063,BI_SDK2,10/4/2022 9:19,6/7/2023 23:59,30.2428,-88.843,4.4,
124188,BI_DK11,8/30/2022 9:39,10/10/2023 8:40,30.2458,-88.802,3.4,
121064,BI_DK7,8/30/2022 10:33,10/10/2023 9:39,30.2487,-88.8254,3.1,
124186,BI_DK3,8/30/2022 11:43,10/10/2023 10:07,30.2493,-88.8487,2.2,
137603,BI_SIP1,1/27/2023 12:50,10/10/2023 11:47,30.2126,-89.0024,5.8,
102350,BI_CC16,10/6/2023 10:58,2/20/2024 9:06,30.2174,-88.9115,3.1,
490838,BI_NDK8,10/6/2023 8:04,5/29/2024 7:39,30.2544,-88.7715,6.8,
112907,BI_SDK4,10/6/2023 9:18,5/29/2024 7:50,30.2388,-88.7971,4.3,
112910,BI_HS2,10/6/2023 8:47,5/29/2024 8:15,30.236,-88.7301,5.7,
121057,BI_HS1,10/6/2023 8:57,5/29/2024 8:29,30.2329,-88.76,6.5,
124193,BI_DK15,10/6/2023 9:03,5/29/2024 8:38,30.2364,-88.7796,3.8,
133455,BI_SDK3,10/6/2023 9:36,5/29/2024 9:07,30.2409,-88.8202,3.1,
115342,BI_SDK5,10/6/2023 9:48,5/29/2024 9:25,30.241,-88.8315,3.2,
487506,BI_ES21,10/6/2023 10:22,5/29/2024 9:45,30.2429,-88.863,3.8,
490831,BI_ES20,10/6/2023 10:27,5/29/2024 9:53,30.243,-88.8689,3.9,
112912,BI_ES24,10/6/2023 10:17,5/29/2024 10:03,30.239,-88.8747,4.2,
112914,BI_ES25,10/6/2023 10:35,5/29/2024 10:15,30.2344,-88.8819,4.4,
112905,BI_ES26,10/6/2023 10:40,5/29/2024 10:24,30.228,-88.8872,5.1,
490830,BI_CC17,10/6/2023 10:54,5/29/2024 10:43,30.2215,-88.9023,4.9,
488896,BI_CC15,10/6/2023 11:02,5/29/2024 10:55,30.2145,-88.9204,3.9,
112913,BI_CC_SO1,10/6/2023 11:06,5/29/2024 11:03,30.2037,-88.9203,5.9,
137606,BI_CC14,10/6/2023 11:12,5/29/2024 11:17,30.2128,-88.9297,3.8,
138065,MSS_PWOS,10/7/2022 10:37,9/19/2023 12:04,30.34249,-88.64702,6.6,
124190,BI_WS9,10/6/2023 11:23,5/29/2024 11:27,30.2072,-88.947,5.3,
490825,BI_WS8,10/6/2023 11:30,5/29/2024 11:40,30.2039,-88.9584,6.2,
133453,BI_WS_SO1,10/6/2023 11:35,5/29/2024 11:47,30.1934,-88.9576,6.6,
112908,BI_WS7,10/6/2023 11:41,5/29/2024 11:54,30.2034,-88.97,6.4,
120616,BB_Pops_East,11/9/2022 13:25,,30.415457,-88.975148,,
120621,BB_Confluence,11/9/2022 14:14,4/25/2023 10:14,30.43555,-88.9931,,
120609,BB_Tchoutacabouffa_R,11/9/2022 15:00,NA,30.43769,-88.98865,8,missing 3/6/2024
120620,BB_Biloxi_R,11/9/2022 15:50,,30.43089,-89.00272,12,
120610,BB_Ancient_Oaks,11/9/2022 16:34,,30.43078,-88.99088,,
138148,PRE_Esca_R_W_HWY613,11/10/2022 11:32,11/25/2024 23:59,30.41895,-88.521,3,
120608,BB_Industrial_Canal_Tarpon,11/22/2022 12:17,10/28/2024 11:59,30.41929,-89.00885,16,
120615,BB_Bayou_Bernard,11/28/2022 0:00,NA,30.4141,-89.00619,,missing 5/30/2025
120608,BB_Bayou_Bernard,7/28/2025 12:42,,30.4141,-89.00619,,
138064,MSS_PEOC,12/16/2022 10:11,NA,30.3329,-88.63409,6.6,missing 3/6/2024
136408,PE_LSU25,1/5/2023 0:00,7/14/2023 9:40,30.21708,-89.60213,,
111989,PE_Ross_Barnett,1/5/2023 11:28,7/11/2023 11:00,32.3887,-90.074,,
136158,PE_Bryam,1/5/2023 16:22,7/11/2023 9:25,32.17714,-90.24337,,
136157,PE_Hawkins_Branch,1/5/2023 16:42,7/12/2023 13:26,32.17785,-90.22493,,
136160,PE_Spillway,1/6/2023 8:56,7/11/2023 12:08,32.32571,-90.14644,,
138067,MSS_BNLW,1/6/2023 10:44,NA,30.30301,-89.30318,8.9,missing 06/07/2023
136133,ST_Mouth,1/6/2023 13:21,7/12/2023 17:13,31.84913,-90.12757,,
136166,PE_Georgetown,1/6/2023 13:40,9/13/2023 23:59,31.85334,-90.13747,,
136181,PE_Oma,1/6/2023 15:18,,31.663783,-90.121421,,
136172,PE_Monticello,1/6/2023 16:13,7/3/2024 10:05,31.55395,-90.08776,,
136171,PE_Columbia,1/6/2023 17:32,7/1/2024 17:51,31.24118,-89.84458,,
138141,PE_PIT_S,1/9/2023 12:48,,30.43443,-89.68406,,
138139,PE_Hwy59,1/9/2023 13:25,NA,30.47213,-89.70513,,maybe missing 5/15/2025
138156,PE_Nicholson,1/9/2023 14:00,,30.49817,-89.73225,,
124185,BI_WS3,10/6/2023 11:46,5/29/2024 12:08,30.205,-88.9817,5.2,
488899,BI_WS4,10/6/2023 11:50,5/29/2024 12:17,30.2082,-88.9875,4.9,
110871,BI_SIP4,10/6/2023 12:05,5/29/2024 12:39,30.2177,-89.0402,5,
119180,BI_SIP2,10/6/2023 11:59,5/29/2024 12:50,30.2141,-89.015,5.9,
120606,BI_WS2,10/6/2023 12:37,5/29/2024 13:00,30.2159,-88.9914,7.4,
490832,BI_WS1,10/6/2023 12:41,5/29/2024 13:12,30.2162,-88.9852,8.1,
136413,PE_LSU26,2/24/2023 0:00,7/14/2023 9:20,30.22263,-89.61343,,
135406,LF_Lower,2/27/2023 10:18,,30.99068,-88.73684,,
136152,PR_Merrill,2/27/2023 10:44,,30.97418,-88.72465,,
138155,PE_Lower_Sill,2/27/2023 16:43,,30.62084,-89.86484,,
135405,PE_Lower_Sill_SE,2/27/2023 17:00,,30.62137,-89.86425,,
138154,BC_Bradley_Slough,2/28/2023 9:51,11/19/2024 23:59,30.57115,-89.8138,,
138129,BC_W_Walkiah,2/28/2023 10:08,,30.56933,-89.82887,,
136139,PE_Upper_Sill_SE,2/28/2023 10:51,,30.62221,-89.86636,,
138151,PE_Pools_Bluff_SW,2/28/2023 12:39,7/1/2024 12:21,30.70316,-89.84409,,
138152,PE_PoolsBluff_S,2/28/2023 12:52,,30.70305,-89.84574,,
136165,PE_HWY44,2/28/2023 17:34,7/3/2024 23:59,31.36446,-89.95443,,
136134,CH_Waynesboro,3/1/2023 13:37,,31.68256,-88.68318,,
136125,CH_Chicora,3/1/2023 15:04,,31.55557,-88.55331,,
136127,CH_Leakesville,3/1/2023 16:20,,31.15197,-88.54572,,
136391,PE_LSU24,3/6/2023 0:00,7/14/2023 9:59,30.20711,-89.60662,,
136405,PE_LSU23,3/6/2023 0:00,7/14/2023 10:10,30.21578,-89.61848,,
136409,PE_LSU10,3/9/2023 0:00,7/14/2023 10:27,30.21848,-89.62906,,
136402,PE_LSU8,3/17/2023 0:00,7/14/2023 11:01,30.19524,-89.65335,,
136415,PE_LSU7,3/17/2023 0:00,7/14/2023 11:12,30.20471,-89.66286,,
138153,BO_PF_05,3/29/2023 11:47,4/10/2025 12:48,31.356001,-89.319288,,
138146,BO_N_Pit,3/29/2023 12:03,8/7/2023 13:21,31.35237,-89.3075,,
136369,MSS_CAUSEWAY_N,4/26/2023 9:17,,30.35601,-88.58751,5.1,
112918,BI_WS5,10/6/2023 12:48,5/29/2024 13:21,30.2185,-88.9622,7,
133461,,,,,,,
138538,PR_NDL,6/13/2023 10:25,,30.6523,-88.63539,,
136413,PE_LSU26,7/18/2023 9:45,8/6/2024 9:08,30.22263,-89.61343,,
136408,PE_LSU25,7/18/2023 9:59,,30.21708,-89.60213,,
136391,PE_LSU24,7/18/2023 10:16,,30.20711,-89.60662,,
136405,PE_LSU23,7/18/2023 10:30,,30.21578,-89.61848,,
136409,PE_LSU10,7/18/2023 10:58,,30.21848,-89.62906,,
136402,PE_LSU8,7/18/2023 11:23,,30.19524,-89.65335,,
136415,PE_LSU7,7/18/2023 11:34,,30.20471,-89.66286,,
138136,PE_PeeWee,7/18/2023 14:21,,30.28718,-89.63859,,
138140,PRE_Creole_Bayou_N,7/28/2023 10:51,,30.49941,-88.5834,,
485639,BO_N_Pit,8/7/2023 13:32,,31.35237,-89.3075,,BROKEN
133987,BI_CAT_SOUTH,8/17/2023 8:19,NA,30.20304,-89.11016,8.2,missing 4/22/2025
138837,BI_CAT_SOUTH,4/22/2025 12:33,,30.20304,-89.11016,8.2,
120619,BI_CAT_SMUGGLERS,8/17/2023 8:37,5/16/2024 10:00,30.20876,-89.09796,6,
138125,PRE_Turkey_Bay,8/22/2023 8:47,,30.46857,-88.60008,,
138128,PRE_Big_Lake,8/31/2023 9:46,7/10/2025 9:45,30.40998,-88.60766,,
138133,PRE_Little_Bear_Bayou,8/22/2023 9:50,,30.52055,-88.61295,,
138132,PRE_Bear_Bayou,8/31/2023 10:56,,30.50472,-88.56425,,
138135,PRE_East_River,8/31/2023 11:31,NA,30.47827,-88.56351,,missing 4/29/2025
138131,PRE_Lowry_Island,8/31/2023 12:10,11/17/2023 8:23,30.41399,-88.58138,,
490826,BI_CC5,10/6/2023 13:04,5/29/2024 13:39,30.2269,-88.9345,5,
137602,BI_CC10,10/6/2023 15:23,5/29/2024 13:50,30.2238,-88.9278,5,
112916,BI_CC6,10/6/2023 13:12,5/29/2024 14:02,30.2295,-88.9251,5,
105264,BI_CC8,10/6/2023 13:24,5/29/2024 14:17,30.2347,-88.907,5,
114201,BI_ES22,10/6/2023 13:34,5/29/2024 14:27,30.24673,-88.89388,1.9,
112902,BI_ES23,10/6/2023 13:43,5/29/2024 14:36,30.25079,-88.88783,2.1,
490836,BI_ES19,10/6/2023 13:52,5/29/2024 14:45,30.2526,-88.8651,4.8,
121067,BI_NDK1,10/6/2023 13:59,5/29/2024 14:58,30.2559,-88.8561,5.4,
110884,BI_NDK6,10/6/2023 14:02,5/29/2024 15:08,30.2575,-88.8439,6.1,
121065,BI_NDK2,10/6/2023 14:06,5/29/2024 15:22,30.2561,-88.8323,6,
490837,BI_NDK7,10/6/2023 14:13,5/29/2024 15:31,30.2562,-88.8203,3.7,
121059,BI_SDK1,10/6/2023 10:13,6/12/2024 18:31,30.2409,-88.854,2.6,
490834,BI_SDK2,10/6/2023 10:03,6/12/2024 18:39,30.2428,-88.843,4.4,
105267,BI_SDK6,10/6/2023 9:55,6/12/2024 18:48,30.2384,-88.8086,2.5,
102343,BI_NDK3,10/6/2023 14:17,6/13/2024 16:49,30.2539,-88.8081,3,
133456,BI_NDK4,10/6/2023 14:22,6/13/2024 17:00,30.2539,-88.7958,2.4,
112911,BI_NDK5,10/6/2023 8:14,6/13/2024 17:12,30.2543,-88.7839,2.5,
110876,BI_HN1,10/6/2023 7:58,9/18/2024 0:00,30.2535,-88.7611,5.8,missing 9/18/2024
112907,BI_SDK4,10/11/2024 8:33,3/11/2025 9:50,30.2388,-88.7971,4.3,
490827,BI_DK3,10/10/2023 10:12,3/11/2025 11:51,30.2493,-88.8487,2.2,
490821,BI_CC13,10/6/2023 13:28,4/22/2025 10:30,30.2372,-88.9002,5,missing 3/11/2025 - found on the beach 4/22/2025
133461,BI_DK9,6/7/2023 15:04,5/5/2025 0:00,30.2467,-88.8137,3.2,missing 5/5/2025
490838,BI_NDK8,10/11/2024 7:37,6/16/2025 7:57,30.2544,-88.7715,6.8,
112910,BI_HS2,10/11/2024 8:04,6/16/2025 8:24,30.236,-88.7301,5.7,
121057,BI_HS1,10/11/2024 8:10,6/16/2025 8:30,30.2329,-88.76,6.5,
124193,BI_DK15,10/11/2024 8:16,6/16/2025 8:46,30.2364,-88.7796,3.8,
133455,BI_SDK3,10/11/2024 8:48,6/16/2025 9:08,30.2409,-88.8202,3.1,
115342,BI_SDK5,10/11/2024 8:55,6/16/2025 9:19,30.241,-88.8315,3.2,
121059,BI_SDK1,9/18/2024 12:57,6/16/2025 9:35,30.2409,-88.854,2.6,
487506,BI_ES21,10/11/2024 9:07,6/16/2025 9:44,30.2429,-88.863,3.8,
490831,BI_ES20,10/11/2024 9:12,6/16/2025 9:50,30.243,-88.8689,3.9,
112914,BI_ES25,10/11/2024 9:19,6/16/2025 10:01,30.2344,-88.8819,4.4,
112905,BI_ES26,10/11/2024 9:22,6/16/2025 10:08,30.228,-88.8872,5.1,
133451,BI_ES_SO1,10/11/2024 9:26,6/16/2025 10:19,30.2173,-88.8874,7.6,
490830,BI_CC17,10/11/2024 9:34,6/16/2025 10:29,30.2215,-88.9023,4.9,
102350,BI_CC16,10/11/2024 9:39,6/16/2025 10:38,30.2174,-88.9115,3.1,
488896,BI_CC15,10/11/2024 9:43,6/16/2025 10:46,30.2145,-88.9204,3.9,
112913,BI_CC_SO1,10/11/2024 9:48,6/16/2025 10:53,30.2037,-88.9203,5.9,
137606,BI_CC14,10/11/2024 9:55,6/16/2025 11:02,30.2128,-88.9297,3.8,
124190,BI_WS9,10/11/2024 10:03,6/16/2025 11:12,30.2072,-88.947,5.3,
490825,BI_WS8,10/11/2024 10:08,6/16/2025 11:22,30.2039,-88.9584,6.2,
133453,BI_WS_SO1,10/11/2024 10:11,6/16/2025 11:30,30.1934,-88.9576,6.6,
112908,BI_WS7,10/11/2024 10:18,6/16/2025 11:38,30.2034,-88.97,6.4,
124185,BI_WS3,10/11/2024 10:24,6/16/2025 11:47,30.205,-88.9817,5.2,
488899,BI_WS4,10/11/2024 10:27,6/16/2025 11:55,30.2082,-88.9875,4.9,
137607,BI_SIP2,1/29/2025 10:36,6/16/2025 12:05,30.2141,-89.015,5.9,
110871,BI_SIP4,10/11/2024 10:42,6/16/2025 12:15,30.2177,-89.0402,5,
120606,BI_WS2,10/11/2024 10:53,6/16/2025 12:42,30.2159,-88.9914,7.4,
A69-1601-65050,BI_WS2_SENT,12/18/2024 12:39,6/16/2025 12:42,30.2159,-88.9914,7.4,
490832,BI_WS1,10/11/2024 10:56,6/16/2025 12:50,30.2162,-88.9852,8.1,
112918,BI_WS5,10/11/2024 11:01,6/16/2025 12:59,30.2185,-88.9622,7,
490826,BI_CC5,10/11/2024 11:07,6/16/2025 13:09,30.2269,-88.9345,5,
137602,BI_CC10,10/11/2024 11:11,6/16/2025 13:20,30.2238,-88.9278,5,
112916,BI_CC6,10/11/2024 11:15,6/16/2025 13:28,30.2295,-88.9251,5,
105264,BI_CC8,10/11/2024 11:22,6/16/2025 13:40,30.2347,-88.907,5,
112902,BI_ES23,10/11/2024 11:33,6/16/2025 13:56,30.25079,-88.88783,2.1,
490836,BI_ES19,10/11/2024 11:37,6/16/2025 14:09,30.2526,-88.8651,4.8,
121067,BI_NDK1,10/11/2024 11:41,6/16/2025 14:20,30.2559,-88.8561,5.4,
110884,BI_NDK6,10/11/2024 11:45,6/16/2025 14:27,30.2575,-88.8439,6.1,
137604,BI_NDK2,10/11/2024 11:51,6/16/2025 14:37,30.2561,-88.8323,6,
490837,BI_NDK7,10/11/2024 11:57,6/16/2025 14:47,30.2562,-88.8203,3.7,
102343,BI_NDK3,9/18/2024 10:07,6/16/2025 14:56,30.2539,-88.8081,3,
133965,BI_CAT_SIP,10/19/2023 9:18,NA,30.23613,-89.06586,7.5,missing 4/22/2025
129038,BI_CAT_SIP,4/22/2025 11:27,,30.23613,-89.06586,7.5,
133989,BI_CAT_NORTH_3,10/19/2023 10:25,5/5/2025 12:52,30.2535,-89.0716,7,
133981,BI_CAT_NORTH_3,5/5/2025 12:56,,30.2535,-89.0716,7,
133981,BI_CAT_NORTH_2,10/19/2023 12:14,4/22/2025 15:50,30.23165,-89.0799,3,
120619,BI_CAT_NORTH_2,4/22/2025 16:00,,30.23165,-89.0799,3,
133986,BI_CAT_MOSE,10/19/2023 14:54,4/22/2025 13:42,30.21211,-89.10772,3,
138845,BI_CAT_MOSE,4/22/2025 13:42,,30.21211,-89.10772,3,
137569,BI_CAT_WEST_BAYOU,10/19/2023 16:15,,30.21818,-89.10981,3,
133988,BI_CAT_EAST_BAYOU,10/19/2023 17:29,,30.22085,-89.09186,3,
138542,BI_CAT_NORTH_1,10/30/2023 10:41,2/25/2025 12:16,30.23304,-89.09133,,
138542,BI_CAT_NORTH_1,4/22/2025 15:40,,30.23304,-89.09133,,
138540,BI_CAT_BIRDCAGE,10/30/2023 11:34,,30.23082,-89.16172,,
139406,MSS_BNLW,11/7/2023 9:40,3/26/2024 11:39,30.30301,-89.30318,8.9,
139408,MSS_BNLN,11/7/2023 9:58,3/26/2024 11:20,30.30469,-89.30096,,
139404,MSS_BNLS,11/7/2023 11:45,3/26/2024 11:07,30.30115,-89.30106,,
139405,MSS_BNOS,11/7/2023 12:34,,30.29219,-89.2952,,
487936,MSS_BNOC,11/7/2023 14:15,,30.29395,-89.29521,,
139407,MSS_Mellini_pt_reef,11/7/2023 15:31,3/25/2025 15:52,30.33602,-89.28661,,missing 3/25/25
111348,MSS_Mellini_pt_reef,6/25/2025 15:52,,30.33602,-89.28661,,
138131,PRE_Lowry_Island,11/21/2023 10:43,NA,30.41399,-88.58138,,
137705,PRE_Esca_Mouth,11/21/2023 11:27,NA,30.42356,-88.5542,,missing 11/19/2024
120621,BB_Confluence,12/8/2023 13:06,,30.43555,-88.9931,,
133451,Drifted_to_GulfShores,2/20/2024 8:53,6/3/2024 23:59,0,0,0,
138065,MSS_BNON,3/12/2024 10:42,,30.29573,-89.29514,,
485645,MSS_BNRC,3/12/2024 12:30,NA,30.30207,-89.32082,,missing 3/25/25
111210,CH_Chunk80,3/19/2024 10:38,,32.32664,-88.90963,4,
136138,CH_Stonewall,3/19/2024 12:13,,32.13063,-88.81161,,
138134,CH_Enterprise,3/19/2024 16:32,,32.175186,-88.819818,,
136148,LF_I590,3/20/2024 12:09,,31.55505,-89.31574,,
112907,BI_SDK4,4/17/2025 8:47,7/23/2025 0:00,30.2388,-88.7971,4.3,missing confirmed 7/23/2025
136128,CH_DeSoto,3/21/2024 10:01,,31.97324,-88.7043,,
136141,LF_Hwy15,3/21/2024 14:18,,31.18283,-88.92017,,
136124,LF_Hwy29,3/21/2024 15:43,,31.22138,-89.0529,,
136133,ST_Mouth,3/27/2024 11:11,,31.85036,-90.12315,,
136166,PE_Georgetown,3/27/2024 11:36,7/3/2024 23:59,31.85335,-90.1375,,
136168,PE_GP_N ,3/27/2024 13:05,,31.65734,-90.12485,,
136183,BC_Hwy570,3/27/2024 16:52,11/19/2024 16:58,31.29738,-90.395,7,
136178,BC_Franklinton,3/27/2024 19:24,11/19/2024 14:01,30.84026,-90.16167,,
139404,MSS_BNLS,4/5/2024 8:28,,30.30115,-89.30106,,
487935,MSS_BNLC,4/5/2024 8:35,3/25/2025 9:11,30.303,-89.301,,missing 1/16/2025
139406,MSS_BNLW,4/5/2024 8:41,3/25/2025 10:07,30.30301,-89.30318,8.9,missing ??/??
139408,MSS_BNLN,4/5/2024 8:47,,30.30469,-89.30096,,
137159,MSS_BNLE,4/5/2024 8:53,NA,30.30299,-89.29888,,missing ??/??
137126,MSS_PWLE,4/5/2024 12:26,,30.33627,-88.66182,7.6,
137135,MSS_PWLS,4/5/2024 12:35,,30.33457,-88.6639,8,
485644,MSS_PWLC,4/5/2024 12:40,,30.33627,-88.66397,7.9,
137146,MSS_PWLW,4/5/2024 12:48,,30.33628,-88.66595,8,
137138,MSS_PWLN,4/5/2024 12:58,,30.33808,-88.66404,7.7,
138066,BI_CHAND_C2664,4/24/2024 12:36,7/15/2024 23:59,29.92711,-88.84187,5,
136160,PE_Spillway,4/25/2024 11:12,,32.32571,-90.14644,,
136173,PE_Jackson,4/25/2024 12:56,,32.23698,-90.20944,,
136157,PE_Hawkins_Branch,4/25/2024 13:37,,32.17785,-90.22493,,
136158,PE_Bryam,4/25/2024 13:58,9/16/2024 13:53,32.17714,-90.24337,,
136159,PE_Holcomb_Branch,4/25/2024 14:35,9/16/2024 14:20,32.12015,-90.2414,,
111989,PE_Ross_Barnett,4/26/2024 8:45,9/16/2024 10:24,32.3887,-90.074,,
136163,PE_Hopewell,4/26/2024 11:47,7/2/2024 10:41,31.94905,-90.18989,,
136155,PE_S_Haley,4/26/2024 12:35,7/2/2024 23:59,32.02931,-90.24657,,
138146,BO_Glendale,4/30/2024 16:27,,31.3492,-89.306,,
800521,BI_CAT_SMUGGLERS,5/16/2024 10:15,4/22/2025 11:50,30.20876,-89.09796,6,
800521,BI_CAT_SMUGGLERS,5/5/2025 12:11,,30.20876,-89.09796,6,
490821,BI_CAT_SMUGGLERS,4/22/2025 12:20,5/5/2025 12:05,30.20876,-89.09796,6,
136161,PE_Pools_Bluff_SW,7/1/2024 13:07,,30.70316,-89.84409,,
136164,PE_Hwy26_Bridge,7/1/2024 15:29,,30.791841,-89.21598,,
136163,PE_Hopewell_Bridge,7/2/2024 11:28,,31.95536,90.18984,,
136155,PE_Moncure_Bridge,7/2/2024 16:52,,32.0508,-90.23018,,
136172,PE_Monticello_Bridge,7/3/2024 10:33,,31.5534,-90.08785,,
136165,PE_Hwy44_Bridge,7/3/2024 14:10,,31.36456,-89.95335,,
136165,PE_Hwy44_Bridge,7/3/2024 14:10,,31.36456,-89.95335,,
136174,GB_PACS,7/25/2024 9:52,,30.34338,-88.43953,,
136154,GB_PACN,7/25/2024 10:36,,30.3499,-88.44396,,
129050,GB_Bangs_Bayou,7/25/2024 11:10,,30.36231,-88.45263,,
138147,PRE_Black_Bird_Key,8/8/2024 7:51,,30.43098,-88.61118,,
112911,BI_NDK5,9/18/2024 9:10,7/23/2025 11:31,30.2543,-88.7839,2.5,
105267,BI_SDK6,10/11/2024 8:40,7/23/2025 12:58,30.2384,-88.8086,2.5,
133456,BI_NDK4,9/18/2024 9:40,7/23/2025 13:24,30.2539,-88.7958,2.4,
102335,BI_CC16,9/9/2021 10:08,1/24/2022 0:00,30.2174,-88.9115,3.1,missing 1/24/22
124189,BI_WS7,9/9/2021 10:33,12/1/2021 0:00,30.2034,-88.97,6.4,missing 12/1/2021
102352,BI_CC7,9/9/2021 12:11,NA,30.232,-88.9163,5,missing ??
121785,BI_ES_SO1,9/27/2021 8:09,7/12/2022 0:00,30.2173,-88.8874,7.6,missing 7/12/22
121786,BI_ES_SO2,9/27/2021 8:15,7/12/2022 0:00,30.2069,-88.8876,8.2,missing 7/12/2022
102344,BI_CC_SO2,9/27/2021 8:34,1/24/2022 0:00,30.193,-88.9198,7.7,missing 7/12/2022
133450,BI_WS_SO2,9/27/2021 8:57,7/12/2022 0:00,30.1833,-88.9572,7.8,missing 01/24/2022
121784,BI_ES_NO2,9/27/2021 10:45,7/12/2022 0:00,30.2711,-88.8875,5.3,missing 7/12/2022
137598,BI_CC_NO1,9/27/2021 11:01,7/12/2022 0:00,30.24,-88.9241,5,missing 7/12/2022
133452,BI_WS_NO1,9/27/2021 11:10,7/12/2022 0:00,30.2288,-88.9619,5.9,missing 7/12/2022
119074,BI_SDK6,9/27/2021 12:47,7/12/2022 0:00,30.2384,-88.8086,2.5,missing 07/12/2022
487507,BI_WS4,11/8/2021 14:29,7/12/2022 0:00,30.2082,-88.9875,4.9,missing 07/12/2022
133460,BI_WS_CAN,12/1/2021 13:36,8/3/2023 0:00,30.2034,-88.9934,10.8,missing 08/03/2023
121060,BI_DK9,8/30/2022 10:05,3/22/2023 0:00,30.2467,-88.8137,3.2,missing 3/22/23
121056,BI_DK5,8/30/2022 11:22,12/4/2024 0:00,30.2494,-88.8368,3.6,missing 12/4/2024
120605,BI_SDK6,10/4/2022 8:54,1/10/2023 0:00,30.2384,-88.8086,2.5,missing 1/10/2023
133459,BI_SIP1,10/4/2022 11:07,12/16/2022 0:00,30.2126,-89.0024,5.8,missing 12/16/2022
121053,BI_WS2,10/4/2022 12:29,1/18/2023 0:00,30.2159,-88.9914,7.4,missing 01/18/2023
121061,BI_WS1,10/4/2022 12:33,1/10/2023 0:00,30.2162,-88.9852,8.1,missing 01/10/2023
119177,BI_NDK2,10/4/2022 13:52,1/10/2023 0:00,30.2561,-88.8323,6,missing 1/10/23
488900,BI_DK13,10/13/2022 12:11,8/3/2023 0:00,30.2452,-88.7906,4.3,missing 8/3/2023
490839,BI_DK11,10/10/2023 8:53,3/11/2025 0:00,30.2458,-88.802,3.4,missing 3/11/2025
490840,BI_SIP1,10/10/2023 11:51,2/20/2024 0:00,30.2126,-89.0024,5.8,missing 2/20/2024
119180,BI_SIP2,10/11/2024 10:35,1/28/2025 0:00,30.2141,-89.015,5.9,Missing confirmed 1/28/2025
133454,BI_DK_CAN,11/8/2021 9:03,,30.245,-88.7825,10.5,
485275,BI_DK1,8/30/2022 12:25,,30.2485,-88.8607,2,
133458,BI_SIP5,10/4/2022 11:27,,30.2213,-89.0513,4.4,
137599,BI_CC7,10/4/2022 13:09,,30.232,-88.9163,5,
488897,BI_CC11,10/13/2022 14:53,,30.2258,-88.9188,5,
488898,BI_SIP3,1/27/2023 13:02,,30.2164,-89.028,5.6,
121069,BI_HN2,10/6/2023 7:47,,30.256,-88.7302,4.5,
490824,BI_DK13,10/6/2023 8:14,,30.2452,-88.7906,4.3,
133451,BI_ES_SO1,10/6/2023 10:46,,30.2173,-88.8874,7.6,
490833,BI_SIP6,10/6/2023 12:12,,30.224,-89.0648,3.2,
124194,BI_WS6,10/6/2023 12:52,,30.2208,-88.9491,4.3,
490822,BI_CC9,10/6/2023 12:58,,30.2216,-88.936,5,
490828,BI_CC12,10/6/2023 13:20,,30.2285,-88.909,5,
133459,BI_CC13,4/22/2023 10:13,,30.2372,-88.9002,5,
490829,BI_ES18,10/6/2023 13:48,,30.2522,-88.8729,5,
124186,BI_DK11,4/17/2025 8:36,,30.2458,-88.802,3.4,
490823,BI_DK7,10/10/2023 9:45,,30.2487,-88.8254,3.1,
124187,BI_WS_CAN,10/10/2023 11:41,,30.2034,-88.9934,10.8,
488931,BI_SIP1,3/20/2024 13:28,,30.2126,-89.0024,5.8,
490834,BI_SDK2,9/18/2024 12:15,,30.2428,-88.843,4.4,
121065,BI_HN1,10/11/2024 7:30,,30.2535,-88.7611,5.8,
112912,BI_ES24,10/11/2024 9:15,,30.239,-88.8747,4.2,
136146,PRE_Oil_Rig,10/18/2024 10:13,NA,30.36679,-88.56793,,missing 3/13/2025
136170,PRE_Slab,10/18/2024 10:56,,30.36182,-88.56406,,
111429,Pre_east_mouth_red_can,10/18/2024 12:02,,30.35158,-88.56613,,
136127,PRE_Esca_Shingle_Mill,11/19/2024 15:19,,30.43202,-88.46487,,
138148,PRE_Esca_R_W_HWY613,11/25/2024 11:40,,30.418578,-88.524687,,
110874,PR_Billie.Joe.Johnson,12/12/2024 9:06,,30.61081,-88.64181,,
114201,BI_ES22,10/11/2024 11:28,,30.24673,-88.89388,1.9,
111989,BB_Industrial_Canal_Tarpon,12/18/2024 10:32,,30.41929,-89.00885,16,
120614,PRE_W90BRIDGE_E,1/28/2025 9:42,,30.3824,-88.60716,,
112909,BI_DK5,12/18/2024 9:00,,30.2494,-88.8368,3.6,
120604,MSS_PWRW,1/29/2025 12:22,,30.34777,-88.59569,1.6,
137162,MSS_PWOS,1/29/2025 14:26,,30.34248,-88.64703,6.6,
139532,MSS_GPSH_Lt_5,1/29/2025 14:44,,30.346159,-89.094453,,GSFMC/EMEL receiver
139536,MSS_GPC_Lt_61,1/29/2025 15:08,,30.343878,-89.07865,,GSFMC/EMEL receiver
139530,MSS_GPC_Lt_57,1/29/2025 15:27,,30.330193,-89.067245,,GSFMC/EMEL receiver
139531,MSS_GPC_Lt_53,1/29/2025 15:45,,30.317159,-89.055841,,GSFMC/EMEL receiver
139537,MSS_GPC_Lt_49,1/29/2025 16:05,2/28/2025 23:59,30.33147,-89.044762,,GSFMC/EMEL receiver
139533,MSS_GPC_Lt_45,1/29/2025 16:35,,30.289951,-89.033357,,GSFMC/EMEL receiver
139535,MSS_GPC_Lt_41,1/29/2025 17:45,,30.275452,-89.020353,,GSFMC/EMEL receiver
487934,MSS_PWOC,2/3/2025 14:00,,30.34423,-88.64699,,
137142,MSS_PELN,2/3/2025 14:28,,30.33343,-88.64938,7.4,
138134,MSS_PELW,2/3/2025 14:38,,30.33243,-88.652,7.6,
136171,MSS_PEOW,2/3/2025 15:20,,30.33287,-88.63614,6.7,
136144,MSS_PEON,2/3/2025 15:34,,30.33462,-88.63416,6.6,
124192,MSS_ROUND_SE01,2/4/2025 10:16,,30.29162,-88.59412,,
111438,MSS_ROUND_W01,2/4/2025 10:52,,30.31702,-88.60975,,
802314,BI_DK3,3/11/2025 12:07,,30.2493,-88.8487,2.2,
136148,PRE_Oil_Rig,3/17/2025 13:39,,30.36679,-88.56793,,
490827,PRE_01EPH90,3/17/2025 14:25,,30.37828,-88.5641,,
487932,MSS_BNLC,3/25/2025 9:11,,30.303,-89.301,,
A69-1602-65045,MSS_BNLE_sync,3/25/2025 10:02,,30.30299,-89.29888,,
112917,MSS_BNLE,3/25/2025 10:02,,30.30299,-89.29888,,
137163,MSS_BNLW,3/25/2025 10:07,,30.30301,-89.30318,,
111241,LF_Moselle,3/28/2025 11:43,,31.5203,-89.307,,
138151,LF_I590,3/28/2025 13:29,,31.55033,-89.31705,,
136166,PE_Ross_Barnett,4/4/2025 8:59,,32.38857,-90.0745,,
111231,MSS_PWON,3/26/2025 10:51,,30.34594,-88.64716,,
114974,MSS_PWOE,3/26/2025 10:59,,30.3442,-88.64493,,
490835,MSS_PELC,3/26/2025 12:16,,30.3318,-88.65015,,
136158,MSS_PEOC,3/26/2025 12:31,,30.3329,-88.63409,,
138128,PRE_East_River,7/10/2025 13:56,,30.47827,-88.56351,,
136413,PE_LSU26,6/3/2025 11:58,,30.22263,-89.61343,,
136183,PE_Logtown,6/3/2025 17:01,,30.27901,-89.63154,,
136381,BCT_Dredge_Spoil,7/2/2025 9:41,,30.34872,-88.50543,,
,BI_DK9,7/23/2025 13:16,,30.2467,-88.8137,3.2,
111434,BO_PF_03,5/9/2022 11:05,7/30/2025 10:50,31.351621,-89.296279,,
